{"schemaVersion":"1.0","appDefinitionTemplate":{"id":"/providers/Microsoft.PowerApps/apps/","type":"Microsoft.PowerApps/apps","tags":{"primaryDeviceWidth":"1366","primaryDeviceHeight":"768","sienaVersion":"20220225T072643Z-3.22021.27.0","deviceCapabilities":"","supportsPortrait":"true","supportsLandscape":"true","primaryFormFactor":"Tablet","publisherVersion":"3.22021.27","minimumRequiredApiVersion":"2.2.0","hasComponent":"false","hasUnlockedComponent":"false","isUnifiedRootApp":"false"},"properties":{"appVersion":"2022-02-25T07:26:43Z","lifeCycleId":"Published","createdByClientVersion":{"major":3,"minor":22021,"build":27,"revision":0,"majorRevision":0,"minorRevision":0},"minClientVersion":{"major":3,"minor":22021,"build":27,"revision":0,"majorRevision":0,"minorRevision":0},"backgroundColor":"RGBA(0,176,240,1)","backgroundImageUri":"/5002815364864516739/N4033f633-c300-4522-b67d-c222826a2a97-logoSmallFile","displayName":"RepeatedGrid","description":"","commitMessage":"","appUris":{"documentUri":{"value":"/5002815364864516739/Nf4b0ea4b-fac1-404e-9adb-9c295e852e39-document.msapp"},"imageUris":[]},"createdTime":"0001-01-01T00:00:00Z","lastModifiedTime":"0001-01-01T00:00:00Z","sharedGroupsCount":0,"sharedUsersCount":0,"icons":{"smallIconUri":"/5002815364864516739/N7e085528-70c7-45dc-a92a-1ca6f63ffc89-small.png","mediumIconUri":"/5002815364864516739/N320f9dca-626a-4163-942d-f7ec2e796146-medium.png","largeIconUri":"/5002815364864516739/Ndde1c793-1266-4d75-af51-bceaffa3fe4b-large.png","wideIconUri":"/5002815364864516739/N296f79e0-2334-40c8-bc18-dec35dac1214-wide.png"},"connectionReferences":{"31e4fcea-cecf-43c6-93af-926f48b14595":{"id":"7eccfde1-a62d-4f02-b05b-3d78d4dbe8be","displayName":"SharePoint","iconUri":"https://connectoricons-prod.azureedge.net/releases/v1.0.1550/1.0.1550.2686/sharepointonline/icon.png","dataSources":["MyList"],"dependencies":[],"dependents":[],"parameterHints":{},"parameterHintsV2":{},"isOnPremiseConnection":false,"bypassConsent":false,"dataSets":{"https://st21.sharepoint.com/sites/GCForms":{"dataSources":{"MyList":{"tableName":"7e225d60-68fe-43a7-92e1-1d1c3d1627b0"}}}},"apiTier":"Standard","isCustomApiConnection":false,"actions":["providers/PowerPlatform.Governance/Operations/Read","providers/PowerPlatform.Governance/Operations/Write"]}},"databaseReferences":{},"almMode":"Environment","performanceOptimizationEnabled":true,"canConsumeAppPass":true,"executionRestrictions":{"isTeamsOnly":false,"dataLossPreventionEvaluationResult":{"status":"Compliant","lastEvaluationDate":"2022-02-24T09:08:24.9762457Z","violations":[],"violationsByPolicy":[],"violationErrorMessage":"The app uses the following connectors: shared_sharepointonline."}}},"appType":"ClassicCanvasApp","appComponents":[]}}